,username,description,date,time,following,followers,totaltweets,retweetcount,text,hashtags
0,BrieflyCrypto,"Your #Crypto news feed ğŸ“°

Telegram: https://t.co/ThOQOQLho1
Created by @danclarkie in collaboration with @imBagsy

ğŸš¨ Articles are not endorsements ğŸš¨",2022-04-10,17:30:16,3,8798,19477,0,"Bitcoin's 5-year returns outperform world's major indices average ROI by 1,645%

Sentiment: Positive

The growth of  in recent years is highlighted by the asset's significant return on investment...

Brief: 
",['Bitcoin']
1,BrieflyCrypto,"Your #Crypto news feed ğŸ“°

Telegram: https://t.co/ThOQOQLho1
Created by @danclarkie in collaboration with @imBagsy

ğŸš¨ Articles are not endorsements ğŸš¨",2022-04-10,17:00:13,3,8798,19477,0,"80% of Central Banks Are Preparing a CBDC. Facing This Danger,  Is Still Your Best Weapon. The threat is becoming clearer.

Sentiment: Positive

""CBDCs will facilitate more efficient, cheaper,...

Brief: 
",['Bitcoin']
2,BrieflyCrypto,"Your #Crypto news feed ğŸ“°

Telegram: https://t.co/ThOQOQLho1
Created by @danclarkie in collaboration with @imBagsy

ğŸš¨ Articles are not endorsements ğŸš¨",2022-04-10,16:00:26,3,8798,19477,1,"Peter Thiel calls Warren Buffett an enemy of  â€” and says the investor's criticism of crypto is weighing on its price

Sentiment: Negative

Peter Thiel: Warren Buffett's Crypto Criticism Weighs...

Brief: 
",['Bitcoin']
3,BrieflyCrypto,"Your #Crypto news feed ğŸ“°

Telegram: https://t.co/ThOQOQLho1
Created by @danclarkie in collaboration with @imBagsy

ğŸš¨ Articles are not endorsements ğŸš¨",2022-04-10,15:40:36,3,8798,19477,0,"LUNA ( TERRA ) UST Shopping again. This time over 175 Million $$$

Sentiment: Positive

Brief: 
",[]
4,BrieflyCrypto,"Your #Crypto news feed ğŸ“°

Telegram: https://t.co/ThOQOQLho1
Created by @danclarkie in collaboration with @imBagsy

ğŸš¨ Articles are not endorsements ğŸš¨",2022-04-10,13:40:17,3,8798,19477,0,"Luna Foundation Purchases 4,130  Bringing its Total to 39,897 BTC, worth 1,7 billion USD

Sentiment: Positive

The Luna Foundation has continued to stack Bitcoin purchasing an additional 4,130...

Brief: 
",['Bitcoin']
5,BrieflyCrypto,"Your #Crypto news feed ğŸ“°

Telegram: https://t.co/ThOQOQLho1
Created by @danclarkie in collaboration with @imBagsy

ğŸš¨ Articles are not endorsements ğŸš¨",2022-04-10,13:10:15,3,8798,19477,0,"Crypto isnâ€™t just for bros: Meet the mothers entering the market who see  and NFTs as ways to build wealth for their families.

Sentiment: Positive

Most of the six mothers interviewed for this...

Brief: 
",['Bitcoin']
6,BrieflyCrypto,"Your #Crypto news feed ğŸ“°

Telegram: https://t.co/ThOQOQLho1
Created by @danclarkie in collaboration with @imBagsy

ğŸš¨ Articles are not endorsements ğŸš¨",2022-04-10,12:30:16,3,8798,19477,1,"Bitcoin is a Super Strong Investment, Says Tennis Champion Serena Williams

Sentiment: Positive

One of the most successful tennis players of all time - Serena Williams - teamed up with Block Inc's money...

Brief: 
",[]
7,BrieflyCrypto,"Your #Crypto news feed ğŸ“°

Telegram: https://t.co/ThOQOQLho1
Created by @danclarkie in collaboration with @imBagsy

ğŸš¨ Articles are not endorsements ğŸš¨",2022-04-10,11:30:14,3,8798,19477,0,"â€œI will not stop:â€ Jackson mayor responds to state bill blocking  options for city governments

Sentiment: Positive

Jackson City Mayor Scott Conger's plan to make Jackson the first city in...

Brief: 
",['Bitcoin']
8,BrieflyCrypto,"Your #Crypto news feed ğŸ“°

Telegram: https://t.co/ThOQOQLho1
Created by @danclarkie in collaboration with @imBagsy

ğŸš¨ Articles are not endorsements ğŸš¨",2022-04-10,10:20:19,3,8798,19477,1,"Mexicoâ€™s Third Richest Man Says No To Bonds, Yes To Bitcoin

Sentiment: Positive

60% To  During the Bitcoin conference that is being held in Miami, billionaire Ricardo Salinas made a shocking...

Brief: 
",['Bitcoin']
9,BrieflyCrypto,"Your #Crypto news feed ğŸ“°

Telegram: https://t.co/ThOQOQLho1
Created by @danclarkie in collaboration with @imBagsy

ğŸš¨ Articles are not endorsements ğŸš¨",2022-04-10,02:30:35,3,8798,19477,0,"Miami Mayor Outlines 'Vision for  America' â€” Says We Must Integrate $BTC Into Every Aspect of Society This Year

Sentiment: Neutral

The mayor of the U.S. city of Miami, Florida, has unveiled...

Brief: 
",['Bitcoin']
10,BrieflyCrypto,"Your #Crypto news feed ğŸ“°

Telegram: https://t.co/ThOQOQLho1
Created by @danclarkie in collaboration with @imBagsy

ğŸš¨ Articles are not endorsements ğŸš¨",2022-04-09,23:00:16,3,8798,19477,0,"Bitcoin: Worldâ€™s biggest corporate investor â€˜more bullish than everâ€™ on crypto

Sentiment: Positive

The head of the world's largest corporate crypto investor has said he is ""More bullish than ever...

Brief: 
",[]
11,BrieflyCrypto,"Your #Crypto news feed ğŸ“°

Telegram: https://t.co/ThOQOQLho1
Created by @danclarkie in collaboration with @imBagsy

ğŸš¨ Articles are not endorsements ğŸš¨",2022-04-09,22:40:13,3,8798,19477,1,"This Small Texas Bank is Paying Employees in Bitcoin

Sentiment: Neutral

Brief: 
",[]
12,BrieflyCrypto,"Your #Crypto news feed ğŸ“°

Telegram: https://t.co/ThOQOQLho1
Created by @danclarkie in collaboration with @imBagsy

ğŸš¨ Articles are not endorsements ğŸš¨",2022-04-09,21:30:14,3,8798,19477,0,"Curve Announces  Rewards Program

Sentiment: Positive

Brief: 
",['Bitcoin']
13,BrieflyCrypto,"Your #Crypto news feed ğŸ“°

Telegram: https://t.co/ThOQOQLho1
Created by @danclarkie in collaboration with @imBagsy

ğŸš¨ Articles are not endorsements ğŸš¨",2022-04-09,21:00:34,3,8798,19477,1,"Shiba Inu Burn Rate Hits 26,000% in the Last Day, 1.4 Billion SHIB Destroyed in 24 Hours

Sentiment: Neutral

According to statistics, the network's burn rate has increased by 26,592% as 1.4 billion...

Brief: 
",[]
14,BrieflyCrypto,"Your #Crypto news feed ğŸ“°

Telegram: https://t.co/ThOQOQLho1
Created by @danclarkie in collaboration with @imBagsy

ğŸš¨ Articles are not endorsements ğŸš¨",2022-04-09,21:00:15,3,8798,19477,0,"'San Francisco Is Not Safe':  Exchange Kraken Closes Offices Over Excessive Crime Rate

Sentiment: Negative

Major cryptocurrency exchange Kraken - launched in 2011, when there were just Bitcoin...

Brief: 
",['Crypto']
15,BrieflyCrypto,"Your #Crypto news feed ğŸ“°

Telegram: https://t.co/ThOQOQLho1
Created by @danclarkie in collaboration with @imBagsy

ğŸš¨ Articles are not endorsements ğŸš¨",2022-04-09,20:40:15,3,8798,19477,2,"Elon Musk's '50% Clean Energy' $BTC Goal Braced With First Solar  Mining Plant Powered By Tesla

Sentiment: Positive

Tesla will provide a 3.8-megawatt solar photovoltaic array and a 12...

Brief: 
",['Bitcoin']
16,BrieflyCrypto,"Your #Crypto news feed ğŸ“°

Telegram: https://t.co/ThOQOQLho1
Created by @danclarkie in collaboration with @imBagsy

ğŸš¨ Articles are not endorsements ğŸš¨",2022-04-09,18:10:14,3,8798,19477,0,"Some of the largest and most Innovative Companies in The World Are Gathering Strength In Order To Create A Green  (BTC) Mining Facility

Sentiment: Positive

Some of the largest and most...

Brief: 
",['Bitcoin']
17,BrieflyCrypto,"Your #Crypto news feed ğŸ“°

Telegram: https://t.co/ThOQOQLho1
Created by @danclarkie in collaboration with @imBagsy

ğŸš¨ Articles are not endorsements ğŸš¨",2022-04-09,16:50:15,3,8798,19477,1,"Ethereum's Hashrate Taps an All-Time High as Miners Race to Mint $ETH Before The Merge

Sentiment: Positive

While the Ethereum community is getting prepared for The Merge and the protocol's transition...

Brief: 
",[]
18,BrieflyCrypto,"Your #Crypto news feed ğŸ“°

Telegram: https://t.co/ThOQOQLho1
Created by @danclarkie in collaboration with @imBagsy

ğŸš¨ Articles are not endorsements ğŸš¨",2022-04-09,14:20:15,3,8798,19477,0,"Bitcoin 2022: Celebrity speakers and a replica volcano as conference tries to stop consumers using cash | Science; Tech News

Sentiment: Positive

At the heart of a bustling conference hall, steam...

Brief: 
",[]
19,BrieflyCrypto,"Your #Crypto news feed ğŸ“°

Telegram: https://t.co/ThOQOQLho1
Created by @danclarkie in collaboration with @imBagsy

ğŸš¨ Articles are not endorsements ğŸš¨",2022-04-09,13:40:15,3,8798,19477,0,"Mexicoâ€™s third-richest man Ricardo Salinas Pliego: ""I have 60% in  and  equities and then 40% in hard-asset stock""

Sentiment: Neutral

Mexico's third-richest man and a strong bitcoin...

Brief: 
","['Bitcoin', 'Bitcoin']"
20,BrieflyCrypto,"Your #Crypto news feed ğŸ“°

Telegram: https://t.co/ThOQOQLho1
Created by @danclarkie in collaboration with @imBagsy

ğŸš¨ Articles are not endorsements ğŸš¨",2022-04-09,13:20:35,3,8798,19477,0,"Serena Williams: 'I'm Really In Love With Ethereum'

Sentiment: Positive

Tennis superstar Serena Williams prefers Ethereum ETH/USD over  BTC/USD and other cryptocurrencies on the market. ""I...

Brief: 
",['Bitcoin']
21,BrieflyCrypto,"Your #Crypto news feed ğŸ“°

Telegram: https://t.co/ThOQOQLho1
Created by @danclarkie in collaboration with @imBagsy

ğŸš¨ Articles are not endorsements ğŸš¨",2022-04-09,13:20:15,3,8798,19477,0,"Tesla is building a solar and Megapack farm to power a new  mining facility

Sentiment: Positive

Tesla is going to build a solar and Megapack farm for energy storage that is going to power a new...

Brief: 
",['Bitcoin']
22,BrieflyCrypto,"Your #Crypto news feed ğŸ“°

Telegram: https://t.co/ThOQOQLho1
Created by @danclarkie in collaboration with @imBagsy

ğŸš¨ Articles are not endorsements ğŸš¨",2022-04-09,13:00:23,3,8798,19477,0,"Anti-Bitcoin â€˜Shark Tankâ€™ Investor Kevin Oâ€™Leary Now Believes  Is The World's Savior

Sentiment: Neutral

This week, Kevin O'Leary of Shark Tank joined a slew of other Bitcoin proponents in...

Brief: 
",['Crypto']
23,BrieflyCrypto,"Your #Crypto news feed ğŸ“°

Telegram: https://t.co/ThOQOQLho1
Created by @danclarkie in collaboration with @imBagsy

ğŸš¨ Articles are not endorsements ğŸš¨",2022-04-09,12:50:14,3,8798,19477,0,"The UK's Push for a Future in Crypto

Sentiment: Neutral

UK announces NFT to promote national crypto initiative. The UK is looking to make stablecoins a valid form of payment, and the Royal Mint will...

Brief: 
",[]
24,BrieflyCrypto,"Your #Crypto news feed ğŸ“°

Telegram: https://t.co/ThOQOQLho1
Created by @danclarkie in collaboration with @imBagsy

ğŸš¨ Articles are not endorsements ğŸš¨",2022-04-09,12:30:16,3,8798,19477,2,"Honduras Is Adopting  as Legal Tender

Sentiment: Positive

Brief: 
",['Bitcoin']
25,BrieflyCrypto,"Your #Crypto news feed ğŸ“°

Telegram: https://t.co/ThOQOQLho1
Created by @danclarkie in collaboration with @imBagsy

ğŸš¨ Articles are not endorsements ğŸš¨",2022-04-09,12:00:34,3,8798,19477,0,"Blockstream and Block Inc to build solar  mining facility

Sentiment: Positive

On Friday, cryptocurrency storage company Blockstream and Block Inc. announced the construction of a solar-powered...

Brief: 
",['Bitcoin']
26,BrieflyCrypto,"Your #Crypto news feed ğŸ“°

Telegram: https://t.co/ThOQOQLho1
Created by @danclarkie in collaboration with @imBagsy

ğŸš¨ Articles are not endorsements ğŸš¨",2022-04-09,10:00:15,3,8798,19477,0,"Environmental Impact Of Cryptocurrency

Sentiment: Positive

Bitcoin and many other cryptocurrencies are being produced by mining, and mining takes a lot of energy to create bitcoins or any other...

Brief: 
",[]
27,BrieflyCrypto,"Your #Crypto news feed ğŸ“°

Telegram: https://t.co/ThOQOQLho1
Created by @danclarkie in collaboration with @imBagsy

ğŸš¨ Articles are not endorsements ğŸš¨",2022-04-09,09:40:19,3,8798,19477,1,"Block, Blockstream and Tesla collaborate for green  mining facility | CryptoSlate

Sentiment: Positive

Per CNBC, the co-founder of Blockstream, Adam Back, said the facility would be built to...

Brief: 
",['Bitcoin']
28,BrieflyCrypto,"Your #Crypto news feed ğŸ“°

Telegram: https://t.co/ThOQOQLho1
Created by @danclarkie in collaboration with @imBagsy

ğŸš¨ Articles are not endorsements ğŸš¨",2022-04-09,08:20:22,3,8798,19477,3,"Ark CEO Cathie Wood Is As Bullish As Ever, Sees  Hitting $1 Million By 2030

Sentiment: Positive

Cathie Wood repeated her positive view on bitcoin this week at the Bitcoin 2022 conference in...

Brief: 
",['Bitcoin']
29,BrieflyCrypto,"Your #Crypto news feed ğŸ“°

Telegram: https://t.co/ThOQOQLho1
Created by @danclarkie in collaboration with @imBagsy

ğŸš¨ Articles are not endorsements ğŸš¨",2022-04-09,06:30:36,3,8798,19477,0,"Crypto-Friendly Special Economic Zone in Honduras Adopts  as Legal Tender

Sentiment: Positive

A crypto-friendly special economic zone in Honduras has adopted bitcoin as legal tender, allowing...

Brief: 
",['Bitcoin']
30,BrieflyCrypto,"Your #Crypto news feed ğŸ“°

Telegram: https://t.co/ThOQOQLho1
Created by @danclarkie in collaboration with @imBagsy

ğŸš¨ Articles are not endorsements ğŸš¨",2022-04-09,06:00:18,3,8798,19477,1,"250  From 2009 Moved After 12.4 Years â€” Rare $BTC Mined Over a 2-Day Span.

Sentiment: Positive

April initially invest happened at 2:25a m. on November 7, and also the coinbase incentive at...

Brief: 
",['Bitcoin']
31,BrieflyCrypto,"Your #Crypto news feed ğŸ“°

Telegram: https://t.co/ThOQOQLho1
Created by @danclarkie in collaboration with @imBagsy

ğŸš¨ Articles are not endorsements ğŸš¨",2022-04-09,05:40:13,3,8798,19477,0,"MicroStrategy Funds Latest Purchase With Bitcoin-Backed Loan

Sentiment: Neutral

Brief: 
",[]
32,BrieflyCrypto,"Your #Crypto news feed ğŸ“°

Telegram: https://t.co/ThOQOQLho1
Created by @danclarkie in collaboration with @imBagsy

ğŸš¨ Articles are not endorsements ğŸš¨",2022-04-09,04:40:40,3,8798,19477,0,"Terra Turns To AVAX Reserves To Stay Ahead Of Competitors

Sentiment: Positive

First was the  reserves, and now, it has been revealed that Terra is looking to add AVAX reserves to ward off...

Brief: 
",['Bitcoin']
33,BrieflyCrypto,"Your #Crypto news feed ğŸ“°

Telegram: https://t.co/ThOQOQLho1
Created by @danclarkie in collaboration with @imBagsy

ğŸš¨ Articles are not endorsements ğŸš¨",2022-04-09,02:20:18,3,8798,19477,2,"Total Value of  Market More Than Doubled in a Year, Shows No Sign of Slowing

Sentiment: Positive

So Morningstar's market cap estimate is based on the value of bitcoin and the 99 other biggest...

Brief: 
",['Crypto']
34,BrieflyCrypto,"Your #Crypto news feed ğŸ“°

Telegram: https://t.co/ThOQOQLho1
Created by @danclarkie in collaboration with @imBagsy

ğŸš¨ Articles are not endorsements ğŸš¨",2022-04-08,23:10:12,3,8798,19477,0,"60 Minutes feature on El Salvador's  Beach will air Sunday

Sentiment: Positive

Brief: 
",['Bitcoin']
35,BrieflyCrypto,"Your #Crypto news feed ğŸ“°

Telegram: https://t.co/ThOQOQLho1
Created by @danclarkie in collaboration with @imBagsy

ğŸš¨ Articles are not endorsements ğŸš¨",2022-04-08,23:00:14,3,8798,19477,0,"Bitcoin is the number 1 recurring buy asset for 2022 - more than Apple and Tesla

Sentiment: Positive

Brief: 
",[]
36,BrieflyCrypto,"Your #Crypto news feed ğŸ“°

Telegram: https://t.co/ThOQOQLho1
Created by @danclarkie in collaboration with @imBagsy

ğŸš¨ Articles are not endorsements ğŸš¨",2022-04-08,22:10:14,3,8798,19477,0,"Mexicoâ€™s Third Richest Person Has 60% of His Liquid Portfolio in Crypto

Sentiment: Positive

Brief: 
",[]
37,BrieflyCrypto,"Your #Crypto news feed ğŸ“°

Telegram: https://t.co/ThOQOQLho1
Created by @danclarkie in collaboration with @imBagsy

ğŸš¨ Articles are not endorsements ğŸš¨",2022-04-08,21:40:24,3,8798,19477,0,"PayPal's Peter Thiel unloads on Warren Buffett, calling him 'the sociopathic grandpa from Omaha'

Sentiment: Neutral

PayPal billionaire Peter Thiel slammed critics of , naming Warren Buffett...

Brief: 
",['Bitcoin']
38,BrieflyCrypto,"Your #Crypto news feed ğŸ“°

Telegram: https://t.co/ThOQOQLho1
Created by @danclarkie in collaboration with @imBagsy

ğŸš¨ Articles are not endorsements ğŸš¨",2022-04-08,20:40:13,3,8798,19477,0,"Dave Portnoy at the  conference says crypto is ""too big to fail."" He has $1 million invested in  and his $40k SafeMoon bet is now worth $2k

Sentiment: Neutral

Appearing on ""Varney &amp;...

Brief: 
","['Bitcoin', 'Bitcoin']"
39,BrieflyCrypto,"Your #Crypto news feed ğŸ“°

Telegram: https://t.co/ThOQOQLho1
Created by @danclarkie in collaboration with @imBagsy

ğŸš¨ Articles are not endorsements ğŸš¨",2022-04-08,20:30:15,3,8798,19477,0,"Bank of America Strategist Warns 'Recession Shock' Is Coming, Analyst Says  Could Outperform Bonds

Sentiment: Negative

On Friday, Bank of America's chief investment strategist Michael Hartnett...

Brief: 
",['Crypto']
40,BrieflyCrypto,"Your #Crypto news feed ğŸ“°

Telegram: https://t.co/ThOQOQLho1
Created by @danclarkie in collaboration with @imBagsy

ğŸš¨ Articles are not endorsements ğŸš¨",2022-04-08,19:10:24,3,8798,19477,0,"PayPal's Peter Thiel unloads on Warren Buffet, calling him 'the sociopathic grandpa from Omaha'

Sentiment: Neutral

PayPal billionaire Peter Thiel slammed critics of , naming Warren Buffet...

Brief: 
",['Bitcoin']
41,BrieflyCrypto,"Your #Crypto news feed ğŸ“°

Telegram: https://t.co/ThOQOQLho1
Created by @danclarkie in collaboration with @imBagsy

ğŸš¨ Articles are not endorsements ğŸš¨",2022-04-08,19:00:13,3,8798,19477,0,"Jack Dorsey and Elon Musk are teaming up for a sustainable  mine

Sentiment: Positive

Former Twitter CEO and current Block overseer Jack Dorsey and Tesla Technoking Elon Musk have a new joint...

Brief: 
",['Bitcoin']
42,BrieflyCrypto,"Your #Crypto news feed ğŸ“°

Telegram: https://t.co/ThOQOQLho1
Created by @danclarkie in collaboration with @imBagsy

ğŸš¨ Articles are not endorsements ğŸš¨",2022-04-08,18:20:33,3,8798,19477,0,"Mexican Billionaire Ricardo Salinas Claims  Has 60% Of His Liquid Assets

Sentiment: Neutral

Brief: 
",['Bitcoin']
43,BrieflyCrypto,"Your #Crypto news feed ğŸ“°

Telegram: https://t.co/ThOQOQLho1
Created by @danclarkie in collaboration with @imBagsy

ğŸš¨ Articles are not endorsements ğŸš¨",2022-04-08,18:00:46,3,8798,19477,0,"Bitcoin Canâ€™t Save Robinhood Stock, Goldman Says

Sentiment: Neutral

Robinhood has connected the retail traders who use its platform to digital assets-but its new crypto wallet hasn't stopped the...

Brief: 
",[]
44,BrieflyCrypto,"Your #Crypto news feed ğŸ“°

Telegram: https://t.co/ThOQOQLho1
Created by @danclarkie in collaboration with @imBagsy

ğŸš¨ Articles are not endorsements ğŸš¨",2022-04-08,16:50:24,3,8798,19477,0,"Tesla, Block, and Blockstream to mine  off solar power in Texas

Sentiment: Neutral

Electric-vehicle maker Tesla Inc TSLA.O&gt;, payments firm Block Inc and blockchain company Blockstream Corp will...

Brief: 
",['Crypto']
45,BrieflyCrypto,"Your #Crypto news feed ğŸ“°

Telegram: https://t.co/ThOQOQLho1
Created by @danclarkie in collaboration with @imBagsy

ğŸš¨ Articles are not endorsements ğŸš¨",2022-04-08,16:20:16,3,8798,19477,0,"Robinhoodâ€™s  wallet opens up to the 2M people waiting for it

Sentiment: Positive

Robinhood's cryptocurrency wallet, which lets users spend and trade select digital currencies including Bitcoin...

Brief: 
",['Crypto']
46,BrieflyCrypto,"Your #Crypto news feed ğŸ“°

Telegram: https://t.co/ThOQOQLho1
Created by @danclarkie in collaboration with @imBagsy

ğŸš¨ Articles are not endorsements ğŸš¨",2022-04-08,16:10:34,3,8798,19477,0,"Strike deals with Shopify to let US merchants accept  via Lightning

Sentiment: Positive

US-based online merchants can now accept Bitcoin from customers anywhere in the world after payments...

Brief: 
",['Bitcoin']
47,BrieflyCrypto,"Your #Crypto news feed ğŸ“°

Telegram: https://t.co/ThOQOQLho1
Created by @danclarkie in collaboration with @imBagsy

ğŸš¨ Articles are not endorsements ğŸš¨",2022-04-08,16:10:14,3,8798,19477,0,"What Does The Future Hold For  Mining?

Sentiment: Neutral

Brief: 
",['Bitcoin']
48,BrieflyCrypto,"Your #Crypto news feed ğŸ“°

Telegram: https://t.co/ThOQOQLho1
Created by @danclarkie in collaboration with @imBagsy

ğŸš¨ Articles are not endorsements ğŸš¨",2022-04-08,16:00:16,3,8798,19477,0,"How  Tracers Took Down the Webâ€™s Biggest Child Abuse Site

Sentiment: Neutral

Welcome to Video, it seemed, was among the rare sites that sold access to clips of child sexual abuse in exchange...

Brief: 
",['Bitcoin']
49,BrieflyCrypto,"Your #Crypto news feed ğŸ“°

Telegram: https://t.co/ThOQOQLho1
Created by @danclarkie in collaboration with @imBagsy

ğŸš¨ Articles are not endorsements ğŸš¨",2022-04-08,15:00:32,3,8798,19477,0,"Tesla, Block and Blockstream team up to mine  off solar power plant in Texas

Sentiment: Positive

MIAMI - Blockstream and Jack Dorsey's Block, formerly Square, are breaking ground on a solar-...

Brief: 
",['Bitcoin']
50,BrieflyCrypto,"Your #Crypto news feed ğŸ“°

Telegram: https://t.co/ThOQOQLho1
Created by @danclarkie in collaboration with @imBagsy

ğŸš¨ Articles are not endorsements ğŸš¨",2022-04-08,13:30:15,3,8798,19477,0,"Peter Thiel calls Warren Buffett cryptoâ€™s â€˜enemy number oneâ€™

Sentiment: Neutral

Billionaire venture capitalist Peter Theil on Thursday said that American tycoon Warren Buffett is 's...

Brief: 
",['Bitcoin']
51,BrieflyCrypto,"Your #Crypto news feed ğŸ“°

Telegram: https://t.co/ThOQOQLho1
Created by @danclarkie in collaboration with @imBagsy

ğŸš¨ Articles are not endorsements ğŸš¨",2022-04-08,11:40:34,3,8798,19477,0,"Michael Saylor: Biden Effectively Greenlit  With His Recent Executive Order

Sentiment: Positive

On Thursday, Michael J. Saylor, Co-Founder, Chairman, and CEO of Nasdaq-listed business...

Brief: 
",['Bitcoin']
52,BrieflyCrypto,"Your #Crypto news feed ğŸ“°

Telegram: https://t.co/ThOQOQLho1
Created by @danclarkie in collaboration with @imBagsy

ğŸš¨ Articles are not endorsements ğŸš¨",2022-04-08,09:40:33,3,8798,19477,0,"Terra Expands Stablecoin Reserves to Include Avalanche

Sentiment: Positive

The aggressive  buying by the Terra ecosystem has been big news lately, and it has now expanded beyond that one...

Brief: 
",['Bitcoin']
53,BrieflyCrypto,"Your #Crypto news feed ğŸ“°

Telegram: https://t.co/ThOQOQLho1
Created by @danclarkie in collaboration with @imBagsy

ğŸš¨ Articles are not endorsements ğŸš¨",2022-04-08,09:40:15,3,8798,19477,0,"Protect Your Bitcoins Against Theft and Hacks

Sentiment: Positive

Digital exchanges take their own safety precautions to prevent thefts, but they are not immune to hacks.  security...

Brief: 
",['Cryptocurrency']
54,BrieflyCrypto,"Your #Crypto news feed ğŸ“°

Telegram: https://t.co/ThOQOQLho1
Created by @danclarkie in collaboration with @imBagsy

ğŸš¨ Articles are not endorsements ğŸš¨",2022-04-08,08:00:14,3,8798,19477,0,"Honduras Economic Zone Recognizes  As Legal Tender

Sentiment: Positive

The Honduras PrÃ³spera ZEDE special economic zone will make bitcoin legal tender and allow it to be used for payments...

Brief: 
",['Bitcoin']
55,BrieflyCrypto,"Your #Crypto news feed ğŸ“°

Telegram: https://t.co/ThOQOQLho1
Created by @danclarkie in collaboration with @imBagsy

ğŸš¨ Articles are not endorsements ğŸš¨",2022-04-08,07:30:19,3,8798,19477,0,"Peter Thiel Calls 'Enemy No. 1' Warren Buffett A â€˜Sociopathic Grandpa' During  2022 Miami

Sentiment: Neutral

Peter Thiel, co-founder of PayPal and Palantir Technologies, did not mince words...

Brief: 
",['Bitcoin']
56,BrieflyCrypto,"Your #Crypto news feed ğŸ“°

Telegram: https://t.co/ThOQOQLho1
Created by @danclarkie in collaboration with @imBagsy

ğŸš¨ Articles are not endorsements ğŸš¨",2022-04-08,07:20:15,3,8798,19477,0,"Bitcoin mines come to rural Georgia communities. They're bringing opportunities â€” and tensions

Sentiment: Neutral

Residents were intent on one thing: stopping a  mine from opening up shop...

Brief: 
",['Bitcoin']
57,BrieflyCrypto,"Your #Crypto news feed ğŸ“°

Telegram: https://t.co/ThOQOQLho1
Created by @danclarkie in collaboration with @imBagsy

ğŸš¨ Articles are not endorsements ğŸš¨",2022-04-08,04:20:14,3,8798,19477,0,"Bitcoin to be accepted by McDonald's and Walmart via Lightning Network |

Sentiment: Positive

Jack Mallers, founder of Zap, is bringing  back to its roots with an announcement that his Lightning...

Brief: 
",['Bitcoin']
58,BrieflyCrypto,"Your #Crypto news feed ğŸ“°

Telegram: https://t.co/ThOQOQLho1
Created by @danclarkie in collaboration with @imBagsy

ğŸš¨ Articles are not endorsements ğŸš¨",2022-04-08,02:30:13,3,8798,19477,0,"Billionaire Ricardo Salinas Pliego says  is 60% of his portfolio

Sentiment: Negative

Bitcoin is a good place to be investment-wise, according to Mexican billionaire Ricardo Salinas Pliego who...

Brief: 
",['Bitcoin']
59,BrieflyCrypto,"Your #Crypto news feed ğŸ“°

Telegram: https://t.co/ThOQOQLho1
Created by @danclarkie in collaboration with @imBagsy

ğŸš¨ Articles are not endorsements ğŸš¨",2022-04-08,02:20:13,3,8798,19477,0,"Jack Mallersâ€™ Strike Integrating With Worldâ€™s Largest PoS Providers To Enable Sovereign Payments With Bitcoin

Sentiment: Positive

Brief: 
",[]
60,BrieflyCrypto,"Your #Crypto news feed ğŸ“°

Telegram: https://t.co/ThOQOQLho1
Created by @danclarkie in collaboration with @imBagsy

ğŸš¨ Articles are not endorsements ğŸš¨",2022-04-08,01:50:13,3,8798,19477,0,"Honduran special economic zone adopts  as legal tender

Sentiment: Positive

Register now for FREE unlimited access to Reuters.comTEGUCIGALPA, April 7 - A special economic zone on a...

Brief: 
",['Bitcoin']
61,BrieflyCrypto,"Your #Crypto news feed ğŸ“°

Telegram: https://t.co/ThOQOQLho1
Created by @danclarkie in collaboration with @imBagsy

ğŸš¨ Articles are not endorsements ğŸš¨",2022-04-08,01:40:16,3,8798,19477,0,"Mike Novogratz Doubles Down On $500,000  Prediction

Sentiment: Neutral

Mike Novogratz has once again reiterated his support for the $500,000 future prediction for bitcoin. Pushing Bitcoin To...

Brief: 
",['Bitcoin']
62,BrieflyCrypto,"Your #Crypto news feed ğŸ“°

Telegram: https://t.co/ThOQOQLho1
Created by @danclarkie in collaboration with @imBagsy

ğŸš¨ Articles are not endorsements ğŸš¨",2022-04-08,00:30:12,3,8798,19477,0,"As  Market Expands, Demand for Regulatory Guidance Grows

Sentiment: Neutral

MIAMI BEACH, Fla.-Increased regulatory guidance is crucial to the continuing growth of the cryptocurrency sector in...

Brief: 
",['Bitcoin']
63,BrieflyCrypto,"Your #Crypto news feed ğŸ“°

Telegram: https://t.co/ThOQOQLho1
Created by @danclarkie in collaboration with @imBagsy

ğŸš¨ Articles are not endorsements ğŸš¨",2022-04-07,19:10:11,3,8798,19477,0,"Terra Adds Avalanche to its UST Reserve, Buys $100M in AVAX!

Sentiment: Neutral

Brief: 
",[]
64,BrieflyCrypto,"Your #Crypto news feed ğŸ“°

Telegram: https://t.co/ThOQOQLho1
Created by @danclarkie in collaboration with @imBagsy

ğŸš¨ Articles are not endorsements ğŸš¨",2022-04-07,18:20:43,3,8798,19477,0,"Honduras and Portugal's Madeira Island to adopt  OFFICIAL

Sentiment: Positive

Brief: 
",['Bitcoin']
65,BrieflyCrypto,"Your #Crypto news feed ğŸ“°

Telegram: https://t.co/ThOQOQLho1
Created by @danclarkie in collaboration with @imBagsy

ğŸš¨ Articles are not endorsements ğŸš¨",2022-04-07,18:20:26,3,8798,19477,0,"Robinhood to Use Lightning Network for  Transactions | Decrypt

Sentiment: Positive

Brief: 
",['Bitcoin']
66,BrieflyCrypto,"Your #Crypto news feed ğŸ“°

Telegram: https://t.co/ThOQOQLho1
Created by @danclarkie in collaboration with @imBagsy

ğŸš¨ Articles are not endorsements ğŸš¨",2022-04-07,18:10:32,3,8798,19477,0,"Robinhood Releases Crypto Wallet to 2M Users, Plans Integration With  Lightning Network

Sentiment: Positive

Brief: 
",['Bitcoin']
67,BrieflyCrypto,"Your #Crypto news feed ğŸ“°

Telegram: https://t.co/ThOQOQLho1
Created by @danclarkie in collaboration with @imBagsy

ğŸš¨ Articles are not endorsements ğŸš¨",2022-04-07,17:00:19,3,8798,19477,0,"Could the Government Confiscate Gold Again? A Look at Today's 'Emergencies' and Revisiting Executive Order 6102

Sentiment: Positive

This past Tuesday, April 5, was the 89th anniversary of Executive...

Brief: 
",[]
68,BrieflyCrypto,"Your #Crypto news feed ğŸ“°

Telegram: https://t.co/ThOQOQLho1
Created by @danclarkie in collaboration with @imBagsy

ğŸš¨ Articles are not endorsements ğŸš¨",2022-04-07,16:00:20,3,8798,19477,0,"UFC fighters to get bonuses in  for upcoming PPV events

Sentiment: Positive

Ultimate Fighting Championship fighters will get their fan bonuses in Bitcoin thanks to the organization's...

Brief: 
",['Bitcoin']
69,BrieflyCrypto,"Your #Crypto news feed ğŸ“°

Telegram: https://t.co/ThOQOQLho1
Created by @danclarkie in collaboration with @imBagsy

ğŸš¨ Articles are not endorsements ğŸš¨",2022-04-07,14:10:13,3,8798,19477,0,"Cash App Users Can Now Invest Their Paychecks Into Bitcoin

Sentiment: Neutral

In the near future, users will be able to round up their Cash Card transaction to the nearest dollar and automatically...

Brief: 
",[]
70,BrieflyCrypto,"Your #Crypto news feed ğŸ“°

Telegram: https://t.co/ThOQOQLho1
Created by @danclarkie in collaboration with @imBagsy

ğŸš¨ Articles are not endorsements ğŸš¨",2022-04-07,13:30:13,3,8798,19477,0,"UFC to Pay Fighters Bonuses in Bitcoin

Sentiment: Neutral

The Ultimate Fighting Championship-the world's marquee professional mixed martial arts competition-is set to pay fighter bonuses in ...

Brief: 
",['Bitcoin']
71,BrieflyCrypto,"Your #Crypto news feed ğŸ“°

Telegram: https://t.co/ThOQOQLho1
Created by @danclarkie in collaboration with @imBagsy

ğŸš¨ Articles are not endorsements ğŸš¨",2022-04-07,12:20:16,3,8798,19477,0,"$5,500,000,000  Whale Dives Back Into Crypto Market, Amassing 3,241 $BTC in One Day

Sentiment: Positive

The world's richest non-exchange Bitcoin whale is once again diving into the market. The...

Brief: 
",['Bitcoin']
72,BrieflyCrypto,"Your #Crypto news feed ğŸ“°

Telegram: https://t.co/ThOQOQLho1
Created by @danclarkie in collaboration with @imBagsy

ğŸš¨ Articles are not endorsements ğŸš¨",2022-04-07,11:50:39,3,8798,19477,0,"Top  Whales Bought the Dip, Adding Over 6,000 $BTC in a Day

Sentiment: Neutral

Top Bitcoin whales have been buying the dip, adding over 6,000 BTC in a day, according to analysts. Retail...

Brief: 
",['Bitcoin']
73,BrieflyCrypto,"Your #Crypto news feed ğŸ“°

Telegram: https://t.co/ThOQOQLho1
Created by @danclarkie in collaboration with @imBagsy

ğŸš¨ Articles are not endorsements ğŸš¨",2022-04-07,11:50:20,3,8798,19477,1,"Dormant Address Containing 100  Activated After 12.4 Years When $BTC Was $0.08

Sentiment: Positive

These must be wallets belonging to pioneer Bitcoin holders, as the entire industry has been...

Brief: 
",['Bitcoin']
74,BrieflyCrypto,"Your #Crypto news feed ğŸ“°

Telegram: https://t.co/ThOQOQLho1
Created by @danclarkie in collaboration with @imBagsy

ğŸš¨ Articles are not endorsements ğŸš¨",2022-04-07,11:40:56,3,8798,19477,0,"Point Labs Releases Full Roadmap to Web3

Sentiment: Positive

To correct this, Point Labs began working on recreating all components of the old internet with their decentralized implementations. Point...

Brief: 
",[]
75,BrieflyCrypto,"Your #Crypto news feed ğŸ“°

Telegram: https://t.co/ThOQOQLho1
Created by @danclarkie in collaboration with @imBagsy

ğŸš¨ Articles are not endorsements ğŸš¨",2022-04-07,11:10:18,3,8798,19477,0,"Bitcoin circulation reaches 19M milestone. And itâ€™s just getting started.

Sentiment: Neutral

ISTANBUL. The number of  that were mined and put into circulation has reached 19 million. When...

Brief: 
",['Bitcoins']
76,BrieflyCrypto,"Your #Crypto news feed ğŸ“°

Telegram: https://t.co/ThOQOQLho1
Created by @danclarkie in collaboration with @imBagsy

ğŸš¨ Articles are not endorsements ğŸš¨",2022-04-07,11:00:17,3,8798,19477,0,"El Salvador President Nayib Bukele Calls Off  2022 Conference Appearance

Sentiment: Neutral

El Salvador President Nayib Bukele, citing ""Unforeseen circumstances"" that require his full...

Brief: 
",['Bitcoin']
77,BrieflyCrypto,"Your #Crypto news feed ğŸ“°

Telegram: https://t.co/ThOQOQLho1
Created by @danclarkie in collaboration with @imBagsy

ğŸš¨ Articles are not endorsements ğŸš¨",2022-04-07,10:51:01,3,8798,19477,0,"Another scam! Russiaâ€™s Sberbank Denies Involvement in Recently Launched â€˜Sbercoinâ€™

Sentiment: Neutral

Sberbank, the largest bank in the Russian Federation, has denied connection to a new...

Brief: 
",[]
78,BrieflyCrypto,"Your #Crypto news feed ğŸ“°

Telegram: https://t.co/ThOQOQLho1
Created by @danclarkie in collaboration with @imBagsy

ğŸš¨ Articles are not endorsements ğŸš¨",2022-04-07,09:40:37,3,8798,19477,0,"Germany seizes $25 million in  after shutting down world's largest darknet marketplace

Sentiment: Neutral

German authorities seized $25.3 million worth of Bitcoin Tuesday after shutting Hydra...

Brief: 
",['Bitcoin']
79,BrieflyCrypto,"Your #Crypto news feed ğŸ“°

Telegram: https://t.co/ThOQOQLho1
Created by @danclarkie in collaboration with @imBagsy

ğŸš¨ Articles are not endorsements ğŸš¨",2022-04-07,09:20:14,3,8798,19477,0,"This crypto fund has outperformed  for the last five years. Hereâ€™s how

Sentiment: Positive

Off the Chain Capital, a fund that deploys a conventional worth investing technique - utilizing...

Brief: 
",['Bitcoin']
80,BrieflyCrypto,"Your #Crypto news feed ğŸ“°

Telegram: https://t.co/ThOQOQLho1
Created by @danclarkie in collaboration with @imBagsy

ğŸš¨ Articles are not endorsements ğŸš¨",2022-04-07,05:10:17,3,8798,19477,2,"$400 Million in Liquidations as  Dumped to 10-Day Lows

Sentiment: Negative

The number of traders liquidated exceeded 100,000 and the total wasted is above $400 million as bitcoin hit its lowest...

Brief: 
",['Bitcoin']
81,BrieflyCrypto,"Your #Crypto news feed ğŸ“°

Telegram: https://t.co/ThOQOQLho1
Created by @danclarkie in collaboration with @imBagsy

ğŸš¨ Articles are not endorsements ğŸš¨",2022-04-07,04:50:16,3,8798,19477,0,"Billionaire Mike Novogratz Still Believes  Will Reach $500,000

Sentiment: Negative

Brief: 
",['Bitcoin']
82,BrieflyCrypto,"Your #Crypto news feed ğŸ“°

Telegram: https://t.co/ThOQOQLho1
Created by @danclarkie in collaboration with @imBagsy

ğŸš¨ Articles are not endorsements ğŸš¨",2022-04-07,03:30:47,3,8798,19477,0,"A dormant address containing 50 $BTC (2,165,186 USD) has just been activated after 12.4 years

Sentiment: Positive

Brief: 
",[]
83,BrieflyCrypto,"Your #Crypto news feed ğŸ“°

Telegram: https://t.co/ThOQOQLho1
Created by @danclarkie in collaboration with @imBagsy

ğŸš¨ Articles are not endorsements ğŸš¨",2022-04-07,02:20:35,3,8798,19477,0,"BitPay integrates Lightning Network to enable low-cost  transactions

Sentiment: Positive

Major cryptocurrency payment service provider BitPay has added support for the Lightning Network,...

Brief: 
",['Bitcoin']
84,BrieflyCrypto,"Your #Crypto news feed ğŸ“°

Telegram: https://t.co/ThOQOQLho1
Created by @danclarkie in collaboration with @imBagsy

ğŸš¨ Articles are not endorsements ğŸš¨",2022-04-07,02:00:15,3,8798,19477,0,"Terraform Labs Bought $230 M Worth of  | Blockchain Today

Sentiment: Positive

Terraform Labs co-founder Do Kwon, announced buying another 5000 Bitcoins for $230 M. Terraform stands behind the...

Brief: 
",['Bitcoin']
85,BrieflyCrypto,"Your #Crypto news feed ğŸ“°

Telegram: https://t.co/ThOQOQLho1
Created by @danclarkie in collaboration with @imBagsy

ğŸš¨ Articles are not endorsements ğŸš¨",2022-04-07,01:10:17,3,8798,19477,2,"How to Short on Binance, Shorting  on Binance

Sentiment: Neutral

In this tutorial, I will show you how to short Bitcoin on Binance and give you information on everything you need to know to...

Brief: 
",['Bitcoin']
86,BrieflyCrypto,"Your #Crypto news feed ğŸ“°

Telegram: https://t.co/ThOQOQLho1
Created by @danclarkie in collaboration with @imBagsy

ğŸš¨ Articles are not endorsements ğŸš¨",2022-04-06,23:00:26,3,8798,19477,0,"MicroStrategy Has A New â€œBuy The Dipâ€ Competitor In Terra As LFG's  Stash Hits $1.6 Billion

Sentiment: Positive

Brief: 
",['Bitcoin']
87,BrieflyCrypto,"Your #Crypto news feed ğŸ“°

Telegram: https://t.co/ThOQOQLho1
Created by @danclarkie in collaboration with @imBagsy

ğŸš¨ Articles are not endorsements ğŸš¨",2022-04-06,22:30:16,3,8798,19477,0,"SEC Approves Teucrium's  Futures ETF

Sentiment: Positive

The SEC announced the approval Wednesday in a filing on its website, adding Teucrium to a host of other bitcoin futures ETF issuers....

Brief: 
",['Bitcoin']
88,BrieflyCrypto,"Your #Crypto news feed ğŸ“°

Telegram: https://t.co/ThOQOQLho1
Created by @danclarkie in collaboration with @imBagsy

ğŸš¨ Articles are not endorsements ğŸš¨",2022-04-06,22:00:15,3,8798,19477,0,"Tennessee Titans Become First NFL Team To Accept Bitcoin

Sentiment: Positive

Brief: 
",[]
89,BrieflyCrypto,"Your #Crypto news feed ğŸ“°

Telegram: https://t.co/ThOQOQLho1
Created by @danclarkie in collaboration with @imBagsy

ğŸš¨ Articles are not endorsements ğŸš¨",2022-04-06,21:30:16,3,8798,19477,0,"Biggest  Conference in the World is Going on in Miami

Sentiment: Positive

Celebrities, Bitcoin billionaires, politicians, pro athletes, and more are in the Magic City for the 2022 Bitcoin...

Brief: 
",['Bitcoin']
90,BrieflyCrypto,"Your #Crypto news feed ğŸ“°

Telegram: https://t.co/ThOQOQLho1
Created by @danclarkie in collaboration with @imBagsy

ğŸš¨ Articles are not endorsements ğŸš¨",2022-04-06,20:30:15,3,8798,19477,1,"Research Shows 19% of 's Hashrate Is Managed by Publicly Listed Companies â€“ Mining Bitcoin News

Sentiment: Positive

Current data shows that the publicly listed miners' share of Bitcoin's...

Brief: 
",['Bitcoin']
91,BrieflyCrypto,"Your #Crypto news feed ğŸ“°

Telegram: https://t.co/ThOQOQLho1
Created by @danclarkie in collaboration with @imBagsy

ğŸš¨ Articles are not endorsements ğŸš¨",2022-04-06,19:10:12,3,8798,19477,0,"BitPay Launches  Lightning Network Payment Support

Sentiment: Positive

BitPay - a popular cryptocurrency payments provider - has now integrated Bitcoin's lightning network into its platform....

Brief: 
",['Bitcoin']
92,BrieflyCrypto,"Your #Crypto news feed ğŸ“°

Telegram: https://t.co/ThOQOQLho1
Created by @danclarkie in collaboration with @imBagsy

ğŸš¨ Articles are not endorsements ğŸš¨",2022-04-06,18:40:31,3,8798,19477,0,"Miamiâ€™s Crypto Craze on Full Display at  Conference. Literally Bullish

Sentiment: Positive

Brief: 
",['Bitcoin']
93,BrieflyCrypto,"Your #Crypto news feed ğŸ“°

Telegram: https://t.co/ThOQOQLho1
Created by @danclarkie in collaboration with @imBagsy

ğŸš¨ Articles are not endorsements ğŸš¨",2022-04-06,18:00:15,3,8798,19477,0,"Miami Mayor Unveils Laser Eyes Robot Bull Statue at  Conference

Sentiment: Positive

During the first day of the Bitcoin 2022 conference in Miami, mayor and extreme crypto enthusiast Francis...

Brief: 
",['Bitcoin']
94,BrieflyCrypto,"Your #Crypto news feed ğŸ“°

Telegram: https://t.co/ThOQOQLho1
Created by @danclarkie in collaboration with @imBagsy

ğŸš¨ Articles are not endorsements ğŸš¨",2022-04-06,16:10:21,3,8798,19477,0,"Terra on the Verge of Being the Worldâ€™s Largest  Whale as LUNA Experiences Massive Growth

Sentiment: Positive

According to the firm's creator, the corporation has set aside $3 billion to...

Brief: 
",['Bitcoin']
95,BrieflyCrypto,"Your #Crypto news feed ğŸ“°

Telegram: https://t.co/ThOQOQLho1
Created by @danclarkie in collaboration with @imBagsy

ğŸš¨ Articles are not endorsements ğŸš¨",2022-04-06,16:00:20,3,8798,19477,0,"Miami's Mayor Suarez wants a 'pro-Bitcoin' president of the United States

Sentiment: Neutral

Miami Mayor Francis Suarez advocated for the election of pro- officials in a speech opening...

Brief: 
",['Bitcoin']
96,BrieflyCrypto,"Your #Crypto news feed ğŸ“°

Telegram: https://t.co/ThOQOQLho1
Created by @danclarkie in collaboration with @imBagsy

ğŸš¨ Articles are not endorsements ğŸš¨",2022-04-06,15:40:13,3,8798,19477,0,"$400 Million in Liquidations as  Dumped to 10-Day Lows.

Sentiment: Neutral

The cryptocurrency market registered another decline with notable price losses evident from bitcoin and almost all...

Brief: 
",['Bitcoin']
97,BrieflyCrypto,"Your #Crypto news feed ğŸ“°

Telegram: https://t.co/ThOQOQLho1
Created by @danclarkie in collaboration with @imBagsy

ğŸš¨ Articles are not endorsements ğŸš¨",2022-04-06,15:30:17,3,8798,19477,0,"This cool twitter hastag that tracks stats on  funds

Sentiment: Neutral

VBTCReport   on-chain data has been established as an essential feature for maintaining...

Brief: 
","['Bitcoin', 'Bitcoin2022', 'CryptocurrencyOnce']"
98,BrieflyCrypto,"Your #Crypto news feed ğŸ“°

Telegram: https://t.co/ThOQOQLho1
Created by @danclarkie in collaboration with @imBagsy

ğŸš¨ Articles are not endorsements ğŸš¨",2022-04-06,14:40:33,3,8798,19477,0,"Bitcoin 2022 Live Updates

Sentiment: Positive

Brief: 
",[]
99,BrieflyCrypto,"Your #Crypto news feed ğŸ“°

Telegram: https://t.co/ThOQOQLho1
Created by @danclarkie in collaboration with @imBagsy

ğŸš¨ Articles are not endorsements ğŸš¨",2022-04-06,14:00:15,3,8798,19477,0,"Terra Blockchain Buys the Dip as  Drops Below 46K

Sentiment: Neutral

Terra, a blockchain using Bitcoin to back its new U.S. dollar stablecoin, has just bought 5,000 BTC.Sponsored Sponsored. To...

Brief: 
",['Bitcoin']
100,BrieflyCrypto,"Your #Crypto news feed ğŸ“°

Telegram: https://t.co/ThOQOQLho1
Created by @danclarkie in collaboration with @imBagsy

ğŸš¨ Articles are not endorsements ğŸš¨",2022-04-06,11:30:37,3,8798,19477,0,"Miamiâ€™s crypto craze on full display at  conference

Sentiment: Neutral

Brief: 
",['Bitcoin']
101,BrieflyCrypto,"Your #Crypto news feed ğŸ“°

Telegram: https://t.co/ThOQOQLho1
Created by @danclarkie in collaboration with @imBagsy

ğŸš¨ Articles are not endorsements ğŸš¨",2022-04-06,10:50:35,3,8798,19477,0,"Russian Darknet Marketplace Hydra Shut Down, $25M in  Seized

Sentiment: Neutral

Federal police have closed down the servers of a Russian darknet marketplace, Hydra, which experienced a sales...

Brief: 
",['Bitcoin']
102,BrieflyCrypto,"Your #Crypto news feed ğŸ“°

Telegram: https://t.co/ThOQOQLho1
Created by @danclarkie in collaboration with @imBagsy

ğŸš¨ Articles are not endorsements ğŸš¨",2022-04-06,09:50:48,3,8798,19477,0,"Miamiâ€™s crypto craze on full display at  conference

Sentiment: Positive

Thousands of cryptocurrency enthusiasts are gathering in Miami as the city builds its reputation as one of the key...

Brief: 
",['Bitcoin']
103,BrieflyCrypto,"Your #Crypto news feed ğŸ“°

Telegram: https://t.co/ThOQOQLho1
Created by @danclarkie in collaboration with @imBagsy

ğŸš¨ Articles are not endorsements ğŸš¨",2022-04-06,07:20:18,3,8798,19477,0,"Top Bank In Texas Introduces New Way for Employees to Invest in  Along With $BTC Salary Option - The Crypto Basic

Sentiment: Positive

A top bank in Texas, Vantage Laredo has invented a new way...

Brief: 
",['Bitcoin']
104,BrieflyCrypto,"Your #Crypto news feed ğŸ“°

Telegram: https://t.co/ThOQOQLho1
Created by @danclarkie in collaboration with @imBagsy

ğŸš¨ Articles are not endorsements ğŸš¨",2022-04-06,03:00:14,3,8798,19477,0,"New Bill Takes Aim at El Salvadorâ€™s 'Careless Gamble' on Bitcoin

Sentiment: Neutral

On Monday, lawmakers introduced a new bill asking the State Department to mitigate the risks of El Salvador's...

Brief: 
",[]
105,BrieflyCrypto,"Your #Crypto news feed ğŸ“°

Telegram: https://t.co/ThOQOQLho1
Created by @danclarkie in collaboration with @imBagsy

ğŸš¨ Articles are not endorsements ğŸš¨",2022-04-06,02:10:14,3,8798,19477,0,"El Salvador Tourism Reignited by  Legal Tender Adoption

Sentiment: Positive

Morena Valdez, the tourism minister of El Salvador, has spoken on the recovery the tourism sector of the country has...

Brief: 
",['Bitcoin']
106,BrieflyCrypto,"Your #Crypto news feed ğŸ“°

Telegram: https://t.co/ThOQOQLho1
Created by @danclarkie in collaboration with @imBagsy

ğŸš¨ Articles are not endorsements ğŸš¨",2022-04-05,23:40:38,3,8798,19477,2,"Terra En Route to Becoming the Biggest  Whale as LUNA Sees Massive Growth

Sentiment: Positive

On-chain data suggests that Terra has purchased nearly $1.5 billion worth of $BTC.Terra wants to...

Brief: 
",['Bitcoin']
107,BrieflyCrypto,"Your #Crypto news feed ğŸ“°

Telegram: https://t.co/ThOQOQLho1
Created by @danclarkie in collaboration with @imBagsy

ğŸš¨ Articles are not endorsements ğŸš¨",2022-04-05,22:50:16,3,8798,19477,0,"This fully electric vehicle mines  while parked - Avvenire claims that you can mine for â€œBitcoin, Ethereum, Doge, Cardano and more,â€

Sentiment: Positive

Brief: 
",['Cryptocurrency']
108,BrieflyCrypto,"Your #Crypto news feed ğŸ“°

Telegram: https://t.co/ThOQOQLho1
Created by @danclarkie in collaboration with @imBagsy

ğŸš¨ Articles are not endorsements ğŸš¨",2022-04-05,21:20:14,3,8798,19477,0,"Bitcoin, cryptos extending upper hand vs. Most assets - The war is enhancing Bitcoinâ€™s value as a global digital-reserve asset, while Ethereum evolves into the collateral of the internet.

Sentiment: Neutral

Brief: 
",[]
109,BrieflyCrypto,"Your #Crypto news feed ğŸ“°

Telegram: https://t.co/ThOQOQLho1
Created by @danclarkie in collaboration with @imBagsy

ğŸš¨ Articles are not endorsements ğŸš¨",2022-04-05,21:10:17,3,8798,19477,0,"Germany Shuts Down Hydra Market, Seizes Servers and Bitcoins

Sentiment: Positive

Law enforcement agencies in Germany have targeted Hydra, a leading darknet market. Hydra became a major darknet market...

Brief: 
",[]
110,BrieflyCrypto,"Your #Crypto news feed ğŸ“°

Telegram: https://t.co/ThOQOQLho1
Created by @danclarkie in collaboration with @imBagsy

ğŸš¨ Articles are not endorsements ğŸš¨",2022-04-05,20:00:19,3,8798,19477,2,"Michael Saylor's MicroStrategy snaps up $190 million of bitcoin, lifting its stockpile to $6 billion

Sentiment: Positive

Brief: 
",[]
111,BrieflyCrypto,"Your #Crypto news feed ğŸ“°

Telegram: https://t.co/ThOQOQLho1
Created by @danclarkie in collaboration with @imBagsy

ğŸš¨ Articles are not endorsements ğŸš¨",2022-04-05,19:20:13,3,8798,19477,0,"The Case For  Price At $4.8M If It Trumps The Dollar To Become Worldâ€™s Reserve Currency

Sentiment: Neutral

VanEck imagined a scenario where Bitcoin or gold toppled the dollar as the reserve...

Brief: 
",['Bitcoin']
112,BrieflyCrypto,"Your #Crypto news feed ğŸ“°

Telegram: https://t.co/ThOQOQLho1
Created by @danclarkie in collaboration with @imBagsy

ğŸš¨ Articles are not endorsements ğŸš¨",2022-04-05,19:00:42,3,8798,19477,0,"Michael J. Saylor Is Stacking More BTC, As  Tries To Turn $45K Into Support. Whatâ€™s Next? Will the Bitcoin 2022 conference give us the impetus to reach $50K by the weekend?

Sentiment: Positive

MicroStrategy...

Brief: 
",['Bitcoin']
113,BrieflyCrypto,"Your #Crypto news feed ğŸ“°

Telegram: https://t.co/ThOQOQLho1
Created by @danclarkie in collaboration with @imBagsy

ğŸš¨ Articles are not endorsements ğŸš¨",2022-04-05,17:10:18,3,8798,19477,0,"Texas bank Vantage Now Offers  Salary Option for All Employees

Sentiment: Positive

Laredo's Vantage Bank is planning to offer a new way for their employees to have a savings plan with the...

Brief: 
",['Bitcoin']
114,BrieflyCrypto,"Your #Crypto news feed ğŸ“°

Telegram: https://t.co/ThOQOQLho1
Created by @danclarkie in collaboration with @imBagsy

ğŸš¨ Articles are not endorsements ğŸš¨",2022-04-05,15:50:15,3,8798,19477,0,"Feds Seize $34 Million in  From Unidentified Florida Man Who Sells Online Account Information Tied to Peopleâ€™s Netflix, HBO, and Uber accounts on The Dark Web

Sentiment: Neutral

On April 4,...

Brief: 
",['Crypto']
115,BrieflyCrypto,"Your #Crypto news feed ğŸ“°

Telegram: https://t.co/ThOQOQLho1
Created by @danclarkie in collaboration with @imBagsy

ğŸš¨ Articles are not endorsements ğŸš¨",2022-04-05,12:50:15,3,8798,19477,0,"MicroStrategy Buys $190 Million Worth of  at $45,714

Sentiment: Negative

Bitcoin permabull Michael Saylor revealed that his company bought yet another $190 million worth of $BTC. The...

Brief: 
",['Bitcoin']
116,BrieflyCrypto,"Your #Crypto news feed ğŸ“°

Telegram: https://t.co/ThOQOQLho1
Created by @danclarkie in collaboration with @imBagsy

ğŸš¨ Articles are not endorsements ğŸš¨",2022-04-05,12:41:05,3,8798,19477,0,"MicroStrategy Buys $190.5M Worth of Bitcoin

Sentiment: Positive

The Tysons Corner, Va.-based firm paid an average of $45,714 per . The bitcoin acquired across the 49-day period averages to 85 a...

Brief: 
",['Bitcoin']
117,BrieflyCrypto,"Your #Crypto news feed ğŸ“°

Telegram: https://t.co/ThOQOQLho1
Created by @danclarkie in collaboration with @imBagsy

ğŸš¨ Articles are not endorsements ğŸš¨",2022-04-05,12:40:18,3,8798,19477,0,"Bitcoin Prices Are Rising. A Major Catalyst Could Come Soon.

Sentiment: Positive

Brief: 
",[]
118,BrieflyCrypto,"Your #Crypto news feed ğŸ“°

Telegram: https://t.co/ThOQOQLho1
Created by @danclarkie in collaboration with @imBagsy

ğŸš¨ Articles are not endorsements ğŸš¨",2022-04-05,12:00:49,3,8798,19477,0,"Only 2 million Bitcoins remain to be mined

Sentiment: Positive

Only 2 million  will be mined during the next 100 years once the 19 millionth is mined. There are currently 19 million Bitcoin in...

Brief: 
",['Bitcoins']
119,BrieflyCrypto,"Your #Crypto news feed ğŸ“°

Telegram: https://t.co/ThOQOQLho1
Created by @danclarkie in collaboration with @imBagsy

ğŸš¨ Articles are not endorsements ğŸš¨",2022-04-05,12:00:31,3,8798,19477,0,"Bitcoin Price Heading to $100,000 and Ether 'Massively Undervalued,' Bloomberg Analysts Say

Sentiment: Positive

Brief: 
",[]
120,BrieflyCrypto,"Your #Crypto news feed ğŸ“°

Telegram: https://t.co/ThOQOQLho1
Created by @danclarkie in collaboration with @imBagsy

ğŸš¨ Articles are not endorsements ğŸš¨",2022-04-05,10:00:16,3,8798,19477,0,"German Authorities Shut Down Russian Darknet Market, Seize $25M in Bitcoin

Sentiment: Positive

German authorities seized $25 million in  as they shut down Hydra Market, saying they had closed...

Brief: 
",['Bitcoin']
121,BrieflyCrypto,"Your #Crypto news feed ğŸ“°

Telegram: https://t.co/ThOQOQLho1
Created by @danclarkie in collaboration with @imBagsy

ğŸš¨ Articles are not endorsements ğŸš¨",2022-04-05,06:10:15,3,8798,19477,0,"Senator Lummis says  is a commodity and will become a currency soon

Sentiment: Positive

The U.S. Senator from Wyoming, Cynthia Lummis, recently championed Bitcoin as a future currency in an...

Brief: 
",['Bitcoin']
122,BrieflyCrypto,"Your #Crypto news feed ğŸ“°

Telegram: https://t.co/ThOQOQLho1
Created by @danclarkie in collaboration with @imBagsy

ğŸš¨ Articles are not endorsements ğŸš¨",2022-04-05,05:00:16,3,8798,19477,2,"Is Apple about to send  to the moon? A rundown of the rumor | CryptoSlate

Sentiment: Positive

The biggest announcement of last year's Bitcoin conference was the news that El Salvador would...

Brief: 
",['Bitcoin']
123,BrieflyCrypto,"Your #Crypto news feed ğŸ“°

Telegram: https://t.co/ThOQOQLho1
Created by @danclarkie in collaboration with @imBagsy

ğŸš¨ Articles are not endorsements ğŸš¨",2022-04-05,04:00:23,3,8798,19477,1,"Bitcoin Exchange Outflows Suggest Rally May Only Be Starting

Sentiment: Positive

 exchange inflows and outflows continue to be a way to determine what investors are doing with their coins....

Brief: 
",['Bitcoin']
124,BrieflyCrypto,"Your #Crypto news feed ğŸ“°

Telegram: https://t.co/ThOQOQLho1
Created by @danclarkie in collaboration with @imBagsy

ğŸš¨ Articles are not endorsements ğŸš¨",2022-04-04,23:10:13,3,8798,19477,0,"Trudeau Challenger Wants Canada to Embrace  - Decrypt

Sentiment: Positive

Brief: 
",['Bitcoin']
125,BrieflyCrypto,"Your #Crypto news feed ğŸ“°

Telegram: https://t.co/ThOQOQLho1
Created by @danclarkie in collaboration with @imBagsy

ğŸš¨ Articles are not endorsements ğŸš¨",2022-04-04,22:10:13,3,8798,19477,0,"BitMEX Founder Predicts $ETH At $10k - Reveals Why He's Ditching  For Ether and Solana

Sentiment: Positive

The pundit who is convinced that ETH is a bond due to the ""Native rewards issued to...

Brief: 
",['Bitcoin']
126,BrieflyCrypto,"Your #Crypto news feed ğŸ“°

Telegram: https://t.co/ThOQOQLho1
Created by @danclarkie in collaboration with @imBagsy

ğŸš¨ Articles are not endorsements ğŸš¨",2022-04-04,19:10:30,3,8798,19477,0,"Norway Is Producing 1% of $BTC Hash Rate Using Renewable Energy

Sentiment: Positive

As in forbes famous Last May,  miners cumulatively absorbed more energy than some smaller countries - Norway...

Brief: 
",['Bitcoin']
127,BrieflyCrypto,"Your #Crypto news feed ğŸ“°

Telegram: https://t.co/ThOQOQLho1
Created by @danclarkie in collaboration with @imBagsy

ğŸš¨ Articles are not endorsements ğŸš¨",2022-04-04,18:50:36,3,8798,19477,0,"Six Months After Adopting Bitcoin, Over 50% of El Salvadorans Still Can't Use $BTC Because of No Internet Access

Sentiment: Positive

The lack of internet access and crypto education stops El...

Brief: 
",[]
128,BrieflyCrypto,"Your #Crypto news feed ğŸ“°

Telegram: https://t.co/ThOQOQLho1
Created by @danclarkie in collaboration with @imBagsy

ğŸš¨ Articles are not endorsements ğŸš¨",2022-04-04,18:50:15,3,8798,19477,0,"Intel launches new  mining chip ""Blockscale"" with a hash rate of up to 580 gigahash per second

Sentiment: Positive

On Monday, semiconductor manufacturing titan Intel unveiled its new Bitcoin...

Brief: 
",['Bitcoin']
129,BrieflyCrypto,"Your #Crypto news feed ğŸ“°

Telegram: https://t.co/ThOQOQLho1
Created by @danclarkie in collaboration with @imBagsy

ğŸš¨ Articles are not endorsements ğŸš¨",2022-04-04,18:30:14,3,8798,19477,0,"Norway is Producing 1% of World's $BTC Hash Rate Using Renewable Energy

Sentiment: Positive

When Norway is mentioned in the context of BItcoin, it is often to highlight 's intense energy...

Brief: 
",['Bitcoin']
130,BrieflyCrypto,"Your #Crypto news feed ğŸ“°

Telegram: https://t.co/ThOQOQLho1
Created by @danclarkie in collaboration with @imBagsy

ğŸš¨ Articles are not endorsements ğŸš¨",2022-04-04,14:10:29,3,8798,19477,0,"A new stablecoin issuer is buying billions of dollars in bitcoin. What  investors need to know

Sentiment: Neutral

Brief: 
",['Crypto']
131,BrieflyCrypto,"Your #Crypto news feed ğŸ“°

Telegram: https://t.co/ThOQOQLho1
Created by @danclarkie in collaboration with @imBagsy

ğŸš¨ Articles are not endorsements ğŸš¨",2022-04-04,14:10:11,3,8798,19477,0,"Someone has locked in a bet in 2020 that ""a  will be worth less than $1000US by the end of 2025.""

Sentiment: Positive

Brief: 
",['Bitcoin']
132,BrieflyCrypto,"Your #Crypto news feed ğŸ“°

Telegram: https://t.co/ThOQOQLho1
Created by @danclarkie in collaboration with @imBagsy

ğŸš¨ Articles are not endorsements ğŸš¨",2022-04-04,12:00:15,3,8798,19477,0,"$551,370,000,000 in  Now Belongs to Long-Term Holders After Massive $BTC Acculumation Spree: IntoTheBlock

Sentiment: Positive

Blockchain analytics firm IntoTheBlock says that long-term Bitcoin...

Brief: 
",['Bitcoin']
133,BrieflyCrypto,"Your #Crypto news feed ğŸ“°

Telegram: https://t.co/ThOQOQLho1
Created by @danclarkie in collaboration with @imBagsy

ğŸš¨ Articles are not endorsements ğŸš¨",2022-04-04,11:20:15,3,8798,19477,0,"According to Global Investment Giant VanEck,  Could Explode By Over 10,000%.

Sentiment: Positive

Bitcoin might increase by over 100 times, according to a worldwide investment manager, as hard...

Brief: 
",['Bitcoin']
134,BrieflyCrypto,"Your #Crypto news feed ğŸ“°

Telegram: https://t.co/ThOQOQLho1
Created by @danclarkie in collaboration with @imBagsy

ğŸš¨ Articles are not endorsements ğŸš¨",2022-04-04,11:02:06,3,8798,19477,0,"Hipster â€˜cryptocoupleâ€™ charged in billion-dollar  heist still have secret stash of $328 million and searched the dark web for phony passports, feds say

Sentiment: Positive

Brief: 
",['Bitcoin']
135,BrieflyCrypto,"Your #Crypto news feed ğŸ“°

Telegram: https://t.co/ThOQOQLho1
Created by @danclarkie in collaboration with @imBagsy

ğŸš¨ Articles are not endorsements ğŸš¨",2022-04-04,07:10:12,3,8798,19477,0,"VanEck:  Could Hit $4.8M if it Replaces Fiat Currencies

Sentiment: Neutral

Eric Fine, the head of active EM debt at VanEck, and Natalia Gurushina, the chief economist at VanEck, compared the...

Brief: 
",['Bitcoin']
136,BrieflyCrypto,"Your #Crypto news feed ğŸ“°

Telegram: https://t.co/ThOQOQLho1
Created by @danclarkie in collaboration with @imBagsy

ğŸš¨ Articles are not endorsements ğŸš¨",2022-04-04,06:50:13,3,8798,19477,0,"Indonesian Government Sets  Tax at 0.1% to Be Levied Starting in May

Sentiment: Neutral

The Indonesian government has decided to tax capital gains income from crypto investments at 0.1%...

Brief: 
",['Crypto']
137,BrieflyCrypto,"Your #Crypto news feed ğŸ“°

Telegram: https://t.co/ThOQOQLho1
Created by @danclarkie in collaboration with @imBagsy

ğŸš¨ Articles are not endorsements ğŸš¨",2022-04-04,03:40:18,3,8798,19477,0,"Bitcoin mining network difficulty reaches new all-time high | CryptoSlate

Sentiment: Neutral

Soon after SBI Crypto mined the 19 millionth Bitcoin, the mining difficulty of the flagship digital asset...

Brief: 
",[]
138,BrieflyCrypto,"Your #Crypto news feed ğŸ“°

Telegram: https://t.co/ThOQOQLho1
Created by @danclarkie in collaboration with @imBagsy

ğŸš¨ Articles are not endorsements ğŸš¨",2022-04-04,03:20:53,3,8798,19477,0,"Oklahoma joins widening group of US states mulling tax incentives for  miners

Sentiment: Positive

Lawmakers in Oklahoma have advanced legislation in recent days that, if finalized, would extend...

Brief: 
",['Bitcoin']
139,BrieflyCrypto,"Your #Crypto news feed ğŸ“°

Telegram: https://t.co/ThOQOQLho1
Created by @danclarkie in collaboration with @imBagsy

ğŸš¨ Articles are not endorsements ğŸš¨",2022-04-04,02:30:16,3,8798,19477,0,"The Importance of Proof-of-Stake In The Blockchain Ecosystem

Sentiment: Positive

As a result, PoS avoids the rising energy expenses involved with  mining. Peercoin, on the other hand, was not a...

Brief: 
",['Bitcoin']
140,BrieflyCrypto,"Your #Crypto news feed ğŸ“°

Telegram: https://t.co/ThOQOQLho1
Created by @danclarkie in collaboration with @imBagsy

ğŸš¨ Articles are not endorsements ğŸš¨",2022-04-03,22:40:13,3,8798,19477,0,"""I was excited by bitcoin, it seemed good,"" Reyes says. But few want to use it and half of El Salvador's six million people cannot, as they have no internet access

Sentiment: Neutral

Brief: 
",[]
141,BrieflyCrypto,"Your #Crypto news feed ğŸ“°

Telegram: https://t.co/ThOQOQLho1
Created by @danclarkie in collaboration with @imBagsy

ğŸš¨ Articles are not endorsements ğŸš¨",2022-04-03,21:50:15,3,8798,19477,0,"Average Ethereum Gas Fee Jumps to $20 per Transfer, L2 Fees Follow Rise â€“ Altcoins  News

Sentiment: Positive

Brief: 
",['Bitcoin']
142,BrieflyCrypto,"Your #Crypto news feed ğŸ“°

Telegram: https://t.co/ThOQOQLho1
Created by @danclarkie in collaboration with @imBagsy

ğŸš¨ Articles are not endorsements ğŸš¨",2022-04-03,21:10:25,3,8798,19477,1,"Is  a hedge against inflation?

Sentiment: Positive

The real estate sector as a hedge against inflation. The bursting of the US housing bubble made it clear that real estate cannot always be...

Brief: 
",['Bitcoin']
143,BrieflyCrypto,"Your #Crypto news feed ğŸ“°

Telegram: https://t.co/ThOQOQLho1
Created by @danclarkie in collaboration with @imBagsy

ğŸš¨ Articles are not endorsements ğŸš¨",2022-04-03,19:20:37,3,8798,19477,0,"Total Value Locked in Defi Nears Lifetime High, Ethereum's TVL Dominates by 54%

Sentiment: Positive

Currently, the total value locked in defi on Sunday is roughly $231 billion and Curve Finance...

Brief: 
",[]
144,BrieflyCrypto,"Your #Crypto news feed ğŸ“°

Telegram: https://t.co/ThOQOQLho1
Created by @danclarkie in collaboration with @imBagsy

ğŸš¨ Articles are not endorsements ğŸš¨",2022-04-03,18:50:35,3,8798,19477,0,"The 19th million coin, which were mined at block 730,003 April 1st 20222, indicate that there is currently 90.47% of the total  supply in circulation

Sentiment: Positive

The 19th million coins,...

Brief: 
",['Bitcoin']
145,BrieflyCrypto,"Your #Crypto news feed ğŸ“°

Telegram: https://t.co/ThOQOQLho1
Created by @danclarkie in collaboration with @imBagsy

ğŸš¨ Articles are not endorsements ğŸš¨",2022-04-03,18:20:17,3,8798,19477,0,"Goldman Sachs Gearing Up To Offer â€˜Full Spectrumâ€™ of  (BTC) and Crypto Investment Services to Wealthy Clients: Report

Sentiment: Positive

Banking giant Goldman Sachs is reportedly looking...

Brief: 
",['Bitcoin']
146,BrieflyCrypto,"Your #Crypto news feed ğŸ“°

Telegram: https://t.co/ThOQOQLho1
Created by @danclarkie in collaboration with @imBagsy

ğŸš¨ Articles are not endorsements ğŸš¨",2022-04-03,17:40:38,3,8798,19477,1,"A Spot  ETF Could Finally Be Coming After Proposed 'Exchange' Definition Change

Sentiment: Positive

One analyst thinks that there is an escape out of the maze of rejections by the SEC. James...

Brief: 
",['Bitcoin']
147,BrieflyCrypto,"Your #Crypto news feed ğŸ“°

Telegram: https://t.co/ThOQOQLho1
Created by @danclarkie in collaboration with @imBagsy

ğŸš¨ Articles are not endorsements ğŸš¨",2022-04-03,16:00:17,3,8798,19477,0,"Now That Q1 Is Over, Is the Bull Market Back?

Sentiment: Positive

With the price of  finally trending up, the bitcoin options market saw open interest, the U.S. dollar amount allocated to...

Brief: 
",['Bitcoin']
148,BrieflyCrypto,"Your #Crypto news feed ğŸ“°

Telegram: https://t.co/ThOQOQLho1
Created by @danclarkie in collaboration with @imBagsy

ğŸš¨ Articles are not endorsements ğŸš¨",2022-04-03,14:50:12,3,8798,19477,0,"Guys, fasten your seat belts! 63.15% of Bitcoin's supply has not moved in at least 1 year. This is just 0.3% shy of an all-time high.

Sentiment: Positive

63 percent of the total  supply...

Brief: 
",['Bitcoin']
149,BrieflyCrypto,"Your #Crypto news feed ğŸ“°

Telegram: https://t.co/ThOQOQLho1
Created by @danclarkie in collaboration with @imBagsy

ğŸš¨ Articles are not endorsements ğŸš¨",2022-04-03,14:30:15,3,8798,19477,2,"Terra Founder Do Kwon: Luna Foundation Will Have Most  After Satoshi

Sentiment: Negative

Brief: 
",['Bitcoin']
150,BrieflyCrypto,"Your #Crypto news feed ğŸ“°

Telegram: https://t.co/ThOQOQLho1
Created by @danclarkie in collaboration with @imBagsy

ğŸš¨ Articles are not endorsements ğŸš¨",2022-04-03,14:20:26,3,8798,19477,0,"There are now only 14 million Litecoins left to be found! Litecoin joins  as supply drys up.

Sentiment: Positive

For those who are trying to learn more about the basic principles that govern...

Brief: 
",['Bitcoin']
151,BrieflyCrypto,"Your #Crypto news feed ğŸ“°

Telegram: https://t.co/ThOQOQLho1
Created by @danclarkie in collaboration with @imBagsy

ğŸš¨ Articles are not endorsements ğŸš¨",2022-04-03,09:20:24,3,8798,19477,0,"Russia Will Not Try to Ban Home  Mining, Finance Ministry Official Indicates

Sentiment: Neutral

Moscow's Ministry of Finance top-ranking official stated that it is not in the best interests of...

Brief: 
",['Crypto']
152,BrieflyCrypto,"Your #Crypto news feed ğŸ“°

Telegram: https://t.co/ThOQOQLho1
Created by @danclarkie in collaboration with @imBagsy

ğŸš¨ Articles are not endorsements ğŸš¨",2022-04-03,08:20:16,3,8798,19477,0,"Goldman Sachs to Begin Offering  to High Net Worth Clients

Sentiment: Neutral

Brief: 
",['Bitcoin']
153,BrieflyCrypto,"Your #Crypto news feed ğŸ“°

Telegram: https://t.co/ThOQOQLho1
Created by @danclarkie in collaboration with @imBagsy

ğŸš¨ Articles are not endorsements ğŸš¨",2022-04-03,08:00:16,3,8798,19477,0,"Is  Really That Bad For The Environment?

Sentiment: Neutral

Bitcoin transactions categorically do not use 2,000 kilowatt-hours of electricity; they occur in the blink of an eye with the entry...

Brief: 
",['Bitcoin']
154,BrieflyCrypto,"Your #Crypto news feed ğŸ“°

Telegram: https://t.co/ThOQOQLho1
Created by @danclarkie in collaboration with @imBagsy

ğŸš¨ Articles are not endorsements ğŸš¨",2022-04-03,05:20:11,3,8798,19477,0,"Ripple Co-Founder Donates $5M to Environmental Campaign Against  Mining. What A Douche!

Sentiment: Positive

Chris Larsen - angel investor and co-founder of Ripple - is funding an environmental...

Brief: 
",['Bitcoin']
155,BrieflyCrypto,"Your #Crypto news feed ğŸ“°

Telegram: https://t.co/ThOQOQLho1
Created by @danclarkie in collaboration with @imBagsy

ğŸš¨ Articles are not endorsements ğŸš¨",2022-04-03,05:00:13,3,8798,19477,0,"Recent Poll Suggests 21% of Americans Have Dabbled in Crypto

Sentiment: Positive

The findings suggest that crypto assets continue to become more popular as 21% of the 1,000 participants surveyed have...

Brief: 
",[]
156,BrieflyCrypto,"Your #Crypto news feed ğŸ“°

Telegram: https://t.co/ThOQOQLho1
Created by @danclarkie in collaboration with @imBagsy

ğŸš¨ Articles are not endorsements ğŸš¨",2022-04-03,02:50:17,3,8798,19477,0,"3 Stories of  Changing Lives Outside the 'Dollar Bubble'

Sentiment: Negative

HBO host Bill Maher skewered Bitcoin in an extended segment on his show, saying that the new currency's promoters...

Brief: 
",['Bitcoin']
157,BrieflyCrypto,"Your #Crypto news feed ğŸ“°

Telegram: https://t.co/ThOQOQLho1
Created by @danclarkie in collaboration with @imBagsy

ğŸš¨ Articles are not endorsements ğŸš¨",2022-04-03,02:40:17,3,8798,19477,0,"Bitcoinâ€™s â€˜Judasâ€™: The co-founder of a rival  is pushing for a green revolution in mining. Itâ€™s not going well.

Sentiment: Neutral

Brief: 
",['Cryptocurrency']
158,BrieflyCrypto,"Your #Crypto news feed ğŸ“°

Telegram: https://t.co/ThOQOQLho1
Created by @danclarkie in collaboration with @imBagsy

ğŸš¨ Articles are not endorsements ğŸš¨",2022-04-02,22:00:14,3,8798,19477,0,"Tracker Shows Close to 3,000  ATMs Were Installed in 2022's First Quarter

Sentiment: Positive

During the last 12 months, there's been an exponential number of cryptocurrency automated teller...

Brief: 
",['Crypto']
159,BrieflyCrypto,"Your #Crypto news feed ğŸ“°

Telegram: https://t.co/ThOQOQLho1
Created by @danclarkie in collaboration with @imBagsy

ğŸš¨ Articles are not endorsements ğŸš¨",2022-04-02,20:20:18,3,8798,19477,0,"The mysterious death of a 30-yr-old conman who stole $215m in bitcoin

Sentiment: Negative

Quadrigss creditors raised concern over the authenticity of Cotten's death certificate which misspelled his...

Brief: 
",[]
160,BrieflyCrypto,"Your #Crypto news feed ğŸ“°

Telegram: https://t.co/ThOQOQLho1
Created by @danclarkie in collaboration with @imBagsy

ğŸš¨ Articles are not endorsements ğŸš¨",2022-04-02,20:00:14,3,8798,19477,0,"Canadian PM Candidate Supports use of  as Money

Sentiment: Positive

Brief: 
",['Bitcoin']
161,BrieflyCrypto,"Your #Crypto news feed ğŸ“°

Telegram: https://t.co/ThOQOQLho1
Created by @danclarkie in collaboration with @imBagsy

ğŸš¨ Articles are not endorsements ğŸš¨",2022-04-02,18:50:11,3,8798,19477,0,"More Than 90% of All  Is Now in Circulation. What's Next? | Decrypt

Sentiment: Positive

The 19 millionth Bitcoin was mined on Friday-a significant milestone considering there will never be more...

Brief: 
",['Bitcoin']
162,BrieflyCrypto,"Your #Crypto news feed ğŸ“°

Telegram: https://t.co/ThOQOQLho1
Created by @danclarkie in collaboration with @imBagsy

ğŸš¨ Articles are not endorsements ğŸš¨",2022-04-02,17:40:14,3,8798,19477,0,"This Week in Coins:  Hits 2022 High, Solana and Terra Skyrocket, Ethereum Rallies

Sentiment: Positive

After slow starts to the year, Bitcoin hit a 2022 high on Monday and Ethereum posted big...

Brief: 
",['Bitcoin']
163,BrieflyCrypto,"Your #Crypto news feed ğŸ“°

Telegram: https://t.co/ThOQOQLho1
Created by @danclarkie in collaboration with @imBagsy

ğŸš¨ Articles are not endorsements ğŸš¨",2022-04-02,17:20:14,3,8798,19477,0,"Would you ever take part or your entire salary in crypto? - Should  be accepted as salaries? Know these factors first

Sentiment: Negative

Now, this digital coin is an innovative payment network...

Brief: 
",['Bitcoin']
164,BrieflyCrypto,"Your #Crypto news feed ğŸ“°

Telegram: https://t.co/ThOQOQLho1
Created by @danclarkie in collaboration with @imBagsy

ğŸš¨ Articles are not endorsements ğŸš¨",2022-04-02,17:00:17,3,8798,19477,0,"Bitcoinâ€™s Supply Passes 19 Million Coins, Less Than 2 Million Left

Sentiment: Negative

The final 2 million  will be mined over the course of 120 years. As of Friday, the 19 millionth Bitcoin...

Brief: 
",['Bitcoin']
165,BrieflyCrypto,"Your #Crypto news feed ğŸ“°

Telegram: https://t.co/ThOQOQLho1
Created by @danclarkie in collaboration with @imBagsy

ğŸš¨ Articles are not endorsements ğŸš¨",2022-04-02,16:50:15,3,8798,19477,0,"Ethereum Founder Vitalik Buterin Praises â€˜Bitcoin Maximalismâ€™

Sentiment: Positive

Amidst the huge diversity of blockchain ideas, he writes, the  community's commitment to caution and...

Brief: 
",['Bitcoin']
166,BrieflyCrypto,"Your #Crypto news feed ğŸ“°

Telegram: https://t.co/ThOQOQLho1
Created by @danclarkie in collaboration with @imBagsy

ğŸš¨ Articles are not endorsements ğŸš¨",2022-04-02,15:30:16,3,8798,19477,0,"Why  Isnâ€™t Crypto - Bitcoin Magazine

Sentiment: Neutral

Brief: 
",['Bitcoin']
167,BrieflyCrypto,"Your #Crypto news feed ğŸ“°

Telegram: https://t.co/ThOQOQLho1
Created by @danclarkie in collaboration with @imBagsy

ğŸš¨ Articles are not endorsements ğŸš¨",2022-04-02,15:00:17,3,8798,19477,0,"I am 'not that rich', says  exchange Binance's CEO with $74 bn net worth

Sentiment: Positive

The magazine quoted the 44-year-old's estimated net worth at $74 billion and said that Bitcoin boom...

Brief: 
",['Crypto']
168,BrieflyCrypto,"Your #Crypto news feed ğŸ“°

Telegram: https://t.co/ThOQOQLho1
Created by @danclarkie in collaboration with @imBagsy

ğŸš¨ Articles are not endorsements ğŸš¨",2022-04-02,13:40:32,3,8798,19477,0,"Senator Lummis Defends Owning  as a Policymaker

Sentiment: Neutral

She told ""Meet the Press Reports"" that, from a policymaking perspective, owning Bitcoin is no different than owning cattle....

Brief: 
",['Bitcoin']
169,BrieflyCrypto,"Your #Crypto news feed ğŸ“°

Telegram: https://t.co/ThOQOQLho1
Created by @danclarkie in collaboration with @imBagsy

ğŸš¨ Articles are not endorsements ğŸš¨",2022-04-02,13:30:17,3,8798,19477,0,"Crypto Whale Movements Accelerate, $XRP Wallet Transfers 40 Million Coins

Sentiment: Positive

EthereumWhile the recent large crypto transfers were mainly focused on Bitcoin, USDT, and XRP, the Ethereum...

Brief: 
",[]
170,BrieflyCrypto,"Your #Crypto news feed ğŸ“°

Telegram: https://t.co/ThOQOQLho1
Created by @danclarkie in collaboration with @imBagsy

ğŸš¨ Articles are not endorsements ğŸš¨",2022-04-02,13:00:16,3,8798,19477,0,"Mt. Gox wallet transfers 6,800 $BTC as ex-CEO plans to redistribute $6B

Sentiment: Negative

A cold wallet belonging to the infamous  exchange Mt. Gox transferred 6,800 BTC to an unknown wallet...

Brief: 
",['Bitcoin']
171,BrieflyCrypto,"Your #Crypto news feed ğŸ“°

Telegram: https://t.co/ThOQOQLho1
Created by @danclarkie in collaboration with @imBagsy

ğŸš¨ Articles are not endorsements ğŸš¨",2022-04-02,12:50:19,3,8798,19477,0,"Bitcoin Whale Abruptly Moves $9,600,000 in $BTC After Sleeping for Seven Years

Sentiment: Neutral

A long-dormant  whale is suddenly moving millions of dollars worth of BTC after over seven...

Brief: 
",['Bitcoin']
172,BrieflyCrypto,"Your #Crypto news feed ğŸ“°

Telegram: https://t.co/ThOQOQLho1
Created by @danclarkie in collaboration with @imBagsy

ğŸš¨ Articles are not endorsements ğŸš¨",2022-04-02,11:40:23,3,8798,19477,1,"Weekend Watch: $ETH Soars to 3-Month High, AXS Adds 12% Despite Recent Ronin Hack

Sentiment: Positive

 Reclaims $46K. Last week started with a notable price surge from  when the asset...

Brief: 
","['Bitcoin', 'Bitcoin']"
173,BrieflyCrypto,"Your #Crypto news feed ğŸ“°

Telegram: https://t.co/ThOQOQLho1
Created by @danclarkie in collaboration with @imBagsy

ğŸš¨ Articles are not endorsements ğŸš¨",2022-04-02,11:30:18,3,8798,19477,0,"Bitcoin regains yearly open as trader says $50K next week 'might be likely'

Sentiment: Neutral

 consolidated above the 2022 yearly open on April 2 after a return to form briefly saw bulls...

Brief: 
",['Bitcoin']
174,BrieflyCrypto,"Your #Crypto news feed ğŸ“°

Telegram: https://t.co/ThOQOQLho1
Created by @danclarkie in collaboration with @imBagsy

ğŸš¨ Articles are not endorsements ğŸš¨",2022-04-02,11:00:15,3,8798,19477,0,"Bitcoin Reaches New Mining Milestone of 19 Million Coins, Only Two Million $BTC Left to Mine

Sentiment: Positive

According to the CEO of Kryptovault, Kjetil Hove Pettersen, there are only two million...

Brief: 
",[]
175,BrieflyCrypto,"Your #Crypto news feed ğŸ“°

Telegram: https://t.co/ThOQOQLho1
Created by @danclarkie in collaboration with @imBagsy

ğŸš¨ Articles are not endorsements ğŸš¨",2022-04-02,10:40:14,3,8798,19477,0,"19 million  have been mined into circulation, 2 million left to be found.

Sentiment: Neutral

The Bitcoin network reached a milestone on Friday, April 1, 2022, after records show that 19...

Brief: 
",['Bitcoin']
176,BrieflyCrypto,"Your #Crypto news feed ğŸ“°

Telegram: https://t.co/ThOQOQLho1
Created by @danclarkie in collaboration with @imBagsy

ğŸš¨ Articles are not endorsements ğŸš¨",2022-04-02,10:20:16,3,8798,19477,0,"Bitcoin could reach $1.3 million in this scenario, VanEck says (A big if but still)

Sentiment: Positive

 could reach a price of $1.3 million while gold may top $31,000 per ounce, if the assets...

Brief: 
",['Bitcoin']
177,BrieflyCrypto,"Your #Crypto news feed ğŸ“°

Telegram: https://t.co/ThOQOQLho1
Created by @danclarkie in collaboration with @imBagsy

ğŸš¨ Articles are not endorsements ğŸš¨",2022-04-02,09:00:20,3,8798,19477,0,"Elizabeth Warren Compares Buying  to 'Buying Air'

Sentiment: Positive

On Meet the Press, Chuck Todd posed a series of cryptocurrency-related questions to Sen. Elizabeth Warren: ""If I buy...

Brief: 
",['Bitcoin']
178,BrieflyCrypto,"Your #Crypto news feed ğŸ“°

Telegram: https://t.co/ThOQOQLho1
Created by @danclarkie in collaboration with @imBagsy

ğŸš¨ Articles are not endorsements ğŸš¨",2022-04-02,08:10:19,3,8798,19477,0,"Bitcoin network difficulty reaches all-time high as miners pursue 2M BTC

Sentiment: Negative

Just when the  miners helped release the 19th millionth $BTC in circulation on Friday, the BTC...

Brief: 
",['Bitcoin']
179,BrieflyCrypto,"Your #Crypto news feed ğŸ“°

Telegram: https://t.co/ThOQOQLho1
Created by @danclarkie in collaboration with @imBagsy

ğŸš¨ Articles are not endorsements ğŸš¨",2022-04-02,00:50:54,3,8798,19477,0,"The Mystery â€˜Crypto Kingâ€™ Who Stole $215M in  and Wound Up Dead

Sentiment: Neutral

Trust No One: The Hunt for the Crypto King won't alter that outlook, recounting the real-life tale of...

Brief: 
",['Bitcoin']
180,BrieflyCrypto,"Your #Crypto news feed ğŸ“°

Telegram: https://t.co/ThOQOQLho1
Created by @danclarkie in collaboration with @imBagsy

ğŸš¨ Articles are not endorsements ğŸš¨",2022-04-02,00:00:25,3,8798,19477,0,"19th Million  Has Just Been Mined. 2 Million $BTC Left. When Will It Hit 21 Million? Details

Sentiment: Positive

The milestone implies that 19 million Bitcoin are now in circulation, with just...

Brief: 
",['Bitcoin']
181,BrieflyCrypto,"Your #Crypto news feed ğŸ“°

Telegram: https://t.co/ThOQOQLho1
Created by @danclarkie in collaboration with @imBagsy

ğŸš¨ Articles are not endorsements ğŸš¨",2022-04-01,23:40:22,3,8798,19477,0,"No Joke: Only 2M  Remain to Be Mined

Sentiment: Positive

The rate at which new Bitcoin can be mined slows over time, with the last Bitcoin set to be mined in the year 2140. The rate at which...

Brief: 
",['Bitcoin']
182,BrieflyCrypto,"Your #Crypto news feed ğŸ“°

Telegram: https://t.co/ThOQOQLho1
Created by @danclarkie in collaboration with @imBagsy

ğŸš¨ Articles are not endorsements ğŸš¨",2022-04-01,22:40:17,3,8798,19477,0,"Russia Is Turning to  Mining To Use Its Energy Resources, Which May Soon Have No Buyers.

Sentiment: Positive

There is an obvious reason why Russia is suddenly so interested in Bitcoin mining....

Brief: 
",['Bitcoin']
183,BrieflyCrypto,"Your #Crypto news feed ğŸ“°

Telegram: https://t.co/ThOQOQLho1
Created by @danclarkie in collaboration with @imBagsy

ğŸš¨ Articles are not endorsements ğŸš¨",2022-04-01,22:30:23,3,8798,19477,0,"The Turkish Liraâ€™s Freefall And The  Parachute

Sentiment: Neutral

Brief: 
",['Bitcoin']
184,BrieflyCrypto,"Your #Crypto news feed ğŸ“°

Telegram: https://t.co/ThOQOQLho1
Created by @danclarkie in collaboration with @imBagsy

ğŸš¨ Articles are not endorsements ğŸš¨",2022-04-01,20:20:32,3,8798,19477,0,"Polygon Announces Zero-Knowledge Identity Platform for Web3

Sentiment: Positive

On March 29, Polygon, the layer two scaling solution that runs parallel with the Ethereum blockchain, has announced a new...

Brief: 
",[]
185,BrieflyCrypto,"Your #Crypto news feed ğŸ“°

Telegram: https://t.co/ThOQOQLho1
Created by @danclarkie in collaboration with @imBagsy

ğŸš¨ Articles are not endorsements ğŸš¨",2022-04-01,19:20:29,3,8798,19477,1,"El Salvador will host the World Blockchain Festival In April

Sentiment: Positive

The World Blockchain Festival will be a discussion forum on blockchain technology, bitcoin, DeFi, and tokens, sponsored...

Brief: 
",[]
186,BrieflyCrypto,"Your #Crypto news feed ğŸ“°

Telegram: https://t.co/ThOQOQLho1
Created by @danclarkie in collaboration with @imBagsy

ğŸš¨ Articles are not endorsements ğŸš¨",2022-04-01,18:40:17,3,8798,19477,1,"Mysterious  Whale (11 326 $BTC) Quiet For Over 7 Years Suddenly Woke Up Shortly Before BTC Slipped Under $45k

Sentiment: Positive

According to the Whale Shadows program, a crypto wallet holding...

Brief: 
",['Bitcoin']
187,BrieflyCrypto,"Your #Crypto news feed ğŸ“°

Telegram: https://t.co/ThOQOQLho1
Created by @danclarkie in collaboration with @imBagsy

ğŸš¨ Articles are not endorsements ğŸš¨",2022-04-01,18:20:53,3,8798,19477,0,"The 19,000,000th  has just been mined. The last $BTC will be mined around 2140.

Sentiment: Positive

Brief: 
",['Bitcoin']
188,BrieflyCrypto,"Your #Crypto news feed ğŸ“°

Telegram: https://t.co/ThOQOQLho1
Created by @danclarkie in collaboration with @imBagsy

ğŸš¨ Articles are not endorsements ğŸš¨",2022-04-01,18:10:41,3,8798,19477,0,"The 19 Millionth  Has Been Mined: Why It Matters

Sentiment: Positive

Brief: 
",['Bitcoin']
189,BrieflyCrypto,"Your #Crypto news feed ğŸ“°

Telegram: https://t.co/ThOQOQLho1
Created by @danclarkie in collaboration with @imBagsy

ğŸš¨ Articles are not endorsements ğŸš¨",2022-04-01,17:50:55,3,8798,19477,0,"VanEck predicts  would be worth at least $1.3 million if considered global reserve currency | CryptoSlate

Sentiment: Positive

That under an extreme scenario where gold or Bitcoin becomes the...

Brief: 
",['Bitcoin']
190,BrieflyCrypto,"Your #Crypto news feed ğŸ“°

Telegram: https://t.co/ThOQOQLho1
Created by @danclarkie in collaboration with @imBagsy

ğŸš¨ Articles are not endorsements ğŸš¨",2022-04-01,16:01:24,3,8798,19477,0,"An Asset Mature: The Future of  in the United States

Sentiment: Neutral

Brief: 
",['Bitcoin']
191,BrieflyCrypto,"Your #Crypto news feed ğŸ“°

Telegram: https://t.co/ThOQOQLho1
Created by @danclarkie in collaboration with @imBagsy

ğŸš¨ Articles are not endorsements ğŸš¨",2022-04-01,15:51:24,3,8798,19477,0,"Bitcoin whale with 11,326 $BTC ($517 million), that was quiet for over 7 years suddenly woke up shortly before BTC Slipped Under $45k

Sentiment: Positive

Interestingly, a crypto wallet holding...

Brief: 
",[]
192,BrieflyCrypto,"Your #Crypto news feed ğŸ“°

Telegram: https://t.co/ThOQOQLho1
Created by @danclarkie in collaboration with @imBagsy

ğŸš¨ Articles are not endorsements ğŸš¨",2022-04-01,14:51:50,3,8798,19477,0,"SEC Rejects Spot  ETF Application From Ark 21Shares

Sentiment: Positive

The U.S. Securities and Exchange Commission has rejected an application for a spot bitcoin exchange-traded fund from Ark...

Brief: 
",['Bitcoin']
193,BrieflyCrypto,"Your #Crypto news feed ğŸ“°

Telegram: https://t.co/ThOQOQLho1
Created by @danclarkie in collaboration with @imBagsy

ğŸš¨ Articles are not endorsements ğŸš¨",2022-04-01,14:50:52,3,8798,19477,0,"The 19 millionth  has been released

Sentiment: Neutral

Brief: 
",['Bitcoin']
194,BrieflyCrypto,"Your #Crypto news feed ğŸ“°

Telegram: https://t.co/ThOQOQLho1
Created by @danclarkie in collaboration with @imBagsy

ğŸš¨ Articles are not endorsements ğŸš¨",2022-04-01,14:21:34,3,8798,19477,1,"Bitcoin Could Hit $4,800,000 if it Replaces Fiat.

Sentiment: Positive

Key Takeaways VanEck has estimated a top price of $4.8 million for  if it were to become a global reserve asset. VanEck...

Brief: 
",['Bitcoin']
195,BrieflyCrypto,"Your #Crypto news feed ğŸ“°

Telegram: https://t.co/ThOQOQLho1
Created by @danclarkie in collaboration with @imBagsy

ğŸš¨ Articles are not endorsements ğŸš¨",2022-04-01,13:01:28,3,8798,19477,0,"In Defense of  Maximalism

Sentiment: Neutral

There are plenty of ways to add rich statefulness into Bitcoin; search for the word ""Covenants"" in Bitcoin chat archives to see many proposals...

Brief: 
",['Bitcoin']
196,BrieflyCrypto,"Your #Crypto news feed ğŸ“°

Telegram: https://t.co/ThOQOQLho1
Created by @danclarkie in collaboration with @imBagsy

ğŸš¨ Articles are not endorsements ğŸš¨",2022-04-01,13:00:58,3,8798,19477,0,"Greenpeace, Crypto Billionaire Lobby to Change  Code

Sentiment: Neutral

Brief: 
",['Bitcoin']
197,BrieflyCrypto,"Your #Crypto news feed ğŸ“°

Telegram: https://t.co/ThOQOQLho1
Created by @danclarkie in collaboration with @imBagsy

ğŸš¨ Articles are not endorsements ğŸš¨",2022-04-01,04:10:52,3,8798,19477,0,"Asset manager Van Eck says the  price implied by global M0 and M2 is between $1,300,000 and $4,800,000

Sentiment: Positive

We know the gold holdings of central banks by country, and are able to...

Brief: 
",['Bitcoin']
198,BrieflyCrypto,"Your #Crypto news feed ğŸ“°

Telegram: https://t.co/ThOQOQLho1
Created by @danclarkie in collaboration with @imBagsy

ğŸš¨ Articles are not endorsements ğŸš¨",2022-04-01,00:50:23,3,8798,19477,1,"The 19 Millionth  will be mined tomorrow

Sentiment: Positive

Brief: 
",['Bitcoin']
199,BrieflyCrypto,"Your #Crypto news feed ğŸ“°

Telegram: https://t.co/ThOQOQLho1
Created by @danclarkie in collaboration with @imBagsy

ğŸš¨ Articles are not endorsements ğŸš¨",2022-04-01,00:00:16,3,8798,19477,0,"Who appointed him King of Bitcoin?: Block CEO Jack Dorsey briefs Congressional Democrats on bitcoin

Sentiment: Positive

Quick Take Congressional Democrats invited Jack Dorsey, the founder of Block and...

Brief: 
",[]
